,VH1-2,VH1-3,VH1-24,VH1-46,VH1-69,VH2-5,VH3-7,VH3-9,VH3-20,VH3-21,VH3-23,VH3-30,VH3-33,VH3-48,VH3-66,VH3-74,VH4-4,VH4-30-4,VH4-31,VH4-34,VH4-39,VH4-59,VH4-61,VH5-51,VH6-1
7,,,,,,7,,,,,,,,,,,,,,,,,,,
8,,,,,,8,,,,,,,,,,,,,,,,,,,
9,,,,,,9,,,,,,,,,,,,,,,,,,,
11,,,,,,10,,,,,,,,,,,,,,,,,,,
12,,,,,,11,,,,,,,,,,,,,,,,,,,
13,,,,,,12,,,,,,,,,,,,,,,,,,,
14,,,,,,13,,,,,,,,,,,,,,,,,,,
15,,,,,,14,14,,14,14,,14,14,14,,14,14,14,14,14,14,14,14,,
16,15,15,,,,15,15,15,15,15,15,15,15,15,15,15,15,15,15,15,15,15,15,15,15
17,16,16,16,16,16,16,16,16,16,16,16,16,16,16,16,16,16,16,16,16,16,16,16,16,16
18,17,17,17,17,17,17,17,17,17,17,17,17,17,17,17,17,17,17,17,17,17,17,17,17,17
19,18,18,18,18,18,18,18,18,18,18,18,18,18,18,18,18,18,18,18,18,18,18,18,18,18
20,19,19,19,19,19,19,19,19,19,19,19,19,19,19,19,19,19,19,19,19,19,19,19,19,19
21,20,20,20,20,20,20,20,20,20,20,20,20,20,20,20,20,20,20,20,20,20,20,20,20,20
22,21,21,21,21,21,21,21,21,21,21,21,21,21,21,21,21,21,21,21,21,21,21,21,21,21
23,22,22,22,22,22,22,22,22,22,22,22,22,22,22,22,22,22,22,22,22,22,22,22,22,22
24,23,23,23,23,23,23,23,23,23,23,23,23,23,23,23,23,23,23,23,23,23,23,23,23,23
25,24,24,24,24,24,24,24,24,24,24,24,24,24,24,24,24,24,24,24,24,24,24,24,24,24
26,25,25,25,25,25,25,25,25,25,25,25,25,25,25,25,25,25,25,25,25,25,25,25,25,25
39,34,34,34,34,34,36,34,34,34,34,34,34,34,34,34,34,35,36,36,34,36,34,36,34,36
40,35,35,35,35,35,37,35,35,35,35,35,35,35,35,35,35,36,37,37,35,37,35,37,35,37
41,36,36,36,36,36,38,36,36,36,36,36,36,36,36,36,36,37,38,38,36,38,36,38,36,38
42,37,37,37,37,37,39,37,37,37,37,37,37,37,37,37,37,38,39,39,37,39,37,39,37,39
43,38,38,38,38,38,40,38,38,38,38,38,38,38,38,38,38,39,40,40,38,40,38,40,38,40
44,39,39,39,39,39,41,39,39,39,39,39,39,39,39,39,39,40,41,41,39,41,39,41,39,41
45,40,40,40,40,40,42,40,40,40,40,40,40,40,40,40,40,41,42,42,40,42,40,42,40,42
46,41,41,41,41,41,43,41,41,41,41,41,41,41,41,41,41,42,43,43,41,43,41,43,41,43
47,42,42,42,42,42,44,42,42,42,42,42,42,42,42,42,42,43,44,44,42,44,42,44,42,44
48,43,43,43,43,43,45,43,43,43,43,43,43,43,43,43,43,44,45,45,43,45,43,45,43,45
49,44,44,44,44,44,46,44,44,44,44,44,44,44,44,44,44,45,46,46,44,46,44,46,44,46
50,45,45,45,45,45,47,45,45,45,45,45,45,45,45,45,45,46,47,47,45,47,45,47,45,47
51,46,46,46,46,46,48,46,46,46,46,46,46,46,46,46,46,47,48,48,46,48,46,48,46,48
52,47,47,47,47,47,49,47,47,47,47,47,47,47,47,47,47,48,49,49,47,49,47,49,47,49
53,48,48,48,48,48,50,48,48,48,48,48,48,48,48,48,48,49,50,50,48,50,48,50,48,50
54,49,49,49,49,49,51,49,49,49,49,49,49,49,49,49,49,50,51,51,49,51,49,51,49,51
55,50,50,50,50,50,52,50,50,50,50,50,50,50,50,50,50,51,52,52,50,52,50,52,50,52
66,59,59,59,59,59,60,59,59,59,59,59,59,59,59,58,59,59,60,60,58,60,58,60,59,62
67,60,60,60,60,60,61,60,60,60,60,60,60,60,60,59,60,60,61,61,59,61,59,61,60,63
68,61,61,61,61,61,62,61,61,61,61,61,61,61,61,60,61,61,62,62,60,62,60,62,61,64
69,62,62,62,62,62,63,62,62,62,62,62,62,62,62,61,62,62,63,63,61,63,61,63,62,65
70,63,63,63,63,63,64,63,63,63,63,63,63,63,63,62,63,63,64,64,62,64,62,64,63,66
71,64,64,64,64,64,65,64,64,64,64,64,64,64,64,63,64,64,65,65,63,65,63,65,64,67
72,65,65,65,65,65,66,65,65,65,65,65,65,65,65,64,65,65,66,66,64,66,64,66,65,68
74,66,66,66,66,66,67,66,66,66,66,66,66,66,66,65,66,66,67,67,65,67,65,67,66,69
75,67,67,67,67,67,68,67,67,67,67,67,67,67,67,66,67,67,68,68,66,68,66,68,67,70
76,68,68,68,68,68,69,68,68,68,68,68,68,68,68,67,68,68,69,69,67,69,67,69,68,71
77,69,69,69,69,69,70,69,69,69,69,69,69,69,69,68,69,69,70,70,68,70,68,70,69,72
78,70,70,70,70,70,71,70,70,70,70,70,70,70,70,69,70,70,71,71,69,71,69,71,70,73
79,71,71,71,71,71,72,71,71,71,71,71,71,71,71,70,71,71,72,72,70,72,70,72,71,74
80,72,72,72,72,72,73,72,72,72,72,72,72,72,72,71,72,72,73,73,71,73,71,73,72,75
81,73,73,73,73,73,74,73,73,73,73,73,73,73,73,72,73,73,74,74,72,74,72,74,73,76
82,74,74,74,74,74,75,74,74,74,74,74,74,74,74,73,74,74,75,75,73,75,73,75,74,77
83,75,75,75,75,75,76,75,75,75,75,75,75,75,75,74,75,75,76,76,74,76,74,76,75,78
84,76,76,76,76,76,77,76,76,76,76,76,76,76,76,75,76,76,77,77,75,77,75,77,76,79
85,77,77,77,77,77,78,77,77,77,77,77,77,77,77,76,77,77,78,78,76,78,76,78,77,80
86,78,78,78,78,78,79,78,78,78,78,78,78,78,78,77,78,78,79,79,77,79,77,79,78,81
87,79,79,79,79,79,80,79,79,79,79,79,79,79,79,78,79,79,80,80,78,80,78,80,79,82
88,80,80,80,80,80,81,80,80,80,80,80,80,80,80,79,80,80,81,81,79,81,79,81,80,83
89,81,81,81,81,81,82,81,81,81,81,81,81,81,81,80,81,81,82,82,80,82,80,82,81,84
90,82,82,82,82,82,83,82,82,82,82,82,82,82,82,81,82,82,83,83,81,83,81,83,82,85
91,83,83,83,83,83,84,83,83,83,83,83,83,83,83,82,83,83,84,84,82,84,82,84,83,86
92,84,84,84,84,84,85,84,84,84,84,84,84,84,84,83,84,84,85,85,83,85,83,85,84,87
93,85,85,85,85,85,86,85,85,85,85,85,85,85,85,84,85,85,86,86,84,86,84,86,85,88
94,86,86,86,86,86,87,86,86,86,86,86,86,86,86,85,86,86,87,87,85,87,85,87,86,89
95,87,87,87,87,87,88,87,87,87,87,87,87,87,87,86,87,87,88,88,86,88,86,88,87,90
96,88,88,88,88,88,89,88,88,88,88,88,88,88,88,87,88,88,89,89,87,89,87,89,88,91
97,89,89,89,89,89,90,89,89,89,89,89,89,89,89,88,89,89,90,90,88,90,88,90,89,92
98,90,90,90,90,90,91,90,90,90,90,90,90,90,90,89,90,90,91,91,89,91,89,91,90,93
99,91,91,91,91,91,92,91,91,91,91,91,91,91,91,90,91,91,92,92,90,92,90,92,91,94
100,92,92,92,92,92,93,92,92,92,92,92,92,92,92,91,92,92,93,93,91,93,91,93,92,95
101,93,93,93,93,93,94,93,93,93,93,93,93,93,93,92,93,93,94,94,92,94,92,94,93,96
102,94,94,94,94,94,95,94,94,94,94,94,94,94,94,93,94,94,95,95,93,95,93,95,94,97
103,95,95,95,95,95,96,95,95,95,95,95,95,95,95,94,95,95,96,96,94,96,94,96,95,98
104,96,96,96,96,96,97,96,96,96,96,96,96,96,96,95,96,96,97,97,95,97,95,97,96,99
