Mutation,Score,Germline
H40Y,14.503,1-2
R55G,5.288,1-2
Y67F,18.074,1-2
A68N,-6.703,1-2
Q69E,17.369,1-2
Q72K,14.397,1-2
G74N,-0.45,1-2
S78L,20.442,1-2
R80T,15.531,1-2
T82S,10.164,1-2
I84T,17.076,1-2
S85T,20.748,1-2
S92K,9.386,1-2
R93S,24.532,1-2
R95Q,7.985,1-2
S96F,14.834,1-2
A25G,16.832,1-3
M53I,11.4,1-3
W55E,-12.627,1-3
K66N,12.258,1-3
S68N,-3.422,1-3
Q72K,3.479,1-3
I78L,16.813,1-3
R80V,0.731,1-3
T82I,11.106,1-3
M39I,27.819,1-46
A45R,-0.576,1-46
E51A,8.161,1-46
I55Y,-5.605,1-46
S66K,11.705,1-46
A68N,-6.396,1-46
Q69E,13.688,1-46
K70R,22.307,1-46
Q72K,11.728,1-46
R75K,5.324,1-46
M78I,13.811,1-46
R80S,18.535,1-46
T82R,8.392,1-46
Y103L,6.425,1-46
M39I,27.819,1-46
H40Q,13.649,1-46
I55E,1.089,1-46
S66E,4.738,1-46
A68T,16.67,1-46
Q69E,13.688,1-46
K70N,20.0,1-46
Q72K,11.728,1-46
G74D,19.805,1-46
Y67N,11.439,1-46
S40H,11.257,1-69
G55V,7.505,1-69
N66D,18.177,1-69
A68N,-7.013,1-69
K70R,18.513,1-69
Q72K,10.893,1-69
I39M,13.088,1-69
S40Q,2.169,1-69
G55A,10.384,1-69
N66V,0.397,1-69
A68I,3.148,1-69
Q72A,1.725,1-69
G74D,19.376,1-69
S40H,11.257,1-69
V42M,9.061,1-69
M53I,11.357,1-69
G55Y,-5.564,1-69
N66K,18.14,1-69
A68N,-7.013,1-69
Q69E,13.972,1-69
K70N,18.149,1-69
Q72K,10.893,1-69
R75K,9.238,1-69
L55D,-3.77,2-5
R66D,4.083,2-5
S68N,19.923,2-5
T79S,18.059,2-5
T90K,13.421,2-5
M91V,15.997,2-5
V97A,18.435,2-5
S40D,6.119,3-23
S54A,20.343,3-23
A55D,4.55,3-23
Y66I,2.688,3-23
A68N,-8.733,3-23
D69Q,1.599,3-23
S70R,1.534,3-23
V71F,-0.664,3-23
I78L,13.277,3-23
R80V,-1.255,3-23
N82R,5.047,3-23
A55G,25.061,3-23
A25V,19.997,3-23
Y103F,22.037,3-23
S40M,4.275,3-23
A55S,22.836,3-23
Y66F,20.676,3-23
S70T,7.824,3-23
A25G,16.916,3-23
S40T,22.828,3-23
A55S,22.836,3-23
M39I,13.807,3-23
S40Q,0.879,3-23
A55S,22.836,3-23
A68R,2.171,3-23
D69R,-2.351,3-23
S70E,-5.995,3-23
S40M,4.275,3-23
A55G,25.061,3-23
Y66V,6.23,3-23
M39I,13.807,3-23
S40H,11.362,3-23
S54A,20.343,3-23
A55W,-8.276,3-23
R80A,1.228,3-23
N82T,14.782,3-23
L87A,3.259,3-23
A54T,16.84,3-30
V101I,16.557,3-30
Y67S,10.983,3-30
A68V,15.524,3-30
Y88F,19.513,3-30
H40N,13.306,3-33
V55I,18.321,3-33
S93G,15.951,3-33
A24K,1.99,3-33
V53M,0.991,3-48
S54G,6.181,3-48
Y55W,4.881,3-48
Y66I,3.155,3-48
I78F,6.594,3-48
R80L,0.134,3-48
N82T,12.27,3-48
A83S,17.202,3-48
N85S,18.847,3-48
S86T,18.449,3-48
L87A,0.609,3-48
A25V,20.65,3-66
M39S,2.893,3-66
S40W,-7.207,3-66
V42I,15.873,3-66
S54A,17.073,3-66
V55S,10.421,3-66
Y66N,11.152,3-66
N82D,16.735,3-66
L87F,14.972,3-66
M39I,15.169,3-66
S40H,11.137,3-66
S54A,17.073,3-66
V55R,6.029,3-66
Y66R,10.921,3-66
R80A,-1.723,3-66
N82T,17.02,3-66
L87A,5.946,3-66
A25V,20.65,3-66
S40N,20.921,3-66
S54G,18.976,3-66
D69S,1.24,3-66
S70W,-5.508,3-66
V71A,16.292,3-66
N85T,8.837,3-66
L87V,22.963,3-66
Y103F,22.269,3-66
S40N,23.93,3-7
N55A,3.223,3-7
D69G,16.826,3-7
A96V,24.394,3-7
M39I,12.792,3-7
N55E,2.914,3-7
Y66H,18.841,3-7
V68A,19.423,3-7
D69E,14.667,3-7
S70A,11.015,3-7
H40N,18.288,3-74
V51E,18.34,3-74
R80V,-2.981,3-74
N82K,5.447,3-74
A83S,17.444,3-74
H40S,12.083,3-74
V51E,18.34,3-74
V53I,15.708,3-74
S54G,5.979,3-74
R55E,3.378,3-74
S66N,24.981,3-74
D69P,-7.029,3-74
V71L,11.94,3-74
G74D,8.238,3-74
R75K,-1.749,3-74
T77I,15.49,3-74
T86S,17.19,3-74
G55A,15.549,3-9
G66D,23.639,3-9
K72E,13.252,3-9
L101V,23.114,3-9
G55T,11.537,3-9
N85K,19.471,3-9
K84E,15.236,3-9
Y88F,21.343,3-9
S93G,15.214,3-9
I42V,18.32,4-30-4
K48R,16.697,4-30-4
Y66T,7.234,4-30-4
I78M,20.567,4-30-4
S79L,11.631,4-30-4
V80R,6.06,4-30-4
K90R,20.866,4-30-4
Y66D,8.211,4-30-4
I78M,20.567,4-30-4
L91V,17.005,4-30-4
S92N,21.01,4-30-4
K48R,16.335,4-4
E55F,6.009,4-4
N66E,8.797,4-4
L71V,14.664,4-4
S74G,19.607,4-4
S79L,11.707,4-4
K90R,20.724,4-4
I39L,11.909,5-51
E51D,13.946,5-51
M53I,13.477,5-51
I78M,17.688,5-51
A80V,24.569,5-51
S85T,21.454,5-51
S92N,20.187,5-51
